tower,income_adjusted,st_xmin,st_ymin,st_xmax,st_ymax
2020,wealthy,4372045.49754949,-762124.653813664,4373785.46754949,-760384.683813664
2056,wealthy,4373072.45627636,-760095.180102814,4374812.42627636,-758355.210102814
2026,wealthy,4381755.88420056,-745577.352279474,4383495.85420056,-743837.382279474
2091,average,4379616.26814985,-769981.068233178,4381356.23814985,-768241.098233178
2024,wealthy,4372264.60578815,-759286.747340836,4374004.57578815,-757546.777340836
1946,wealthy,4370832.37925262,-760896.649965065,4372572.34925263,-759156.679965065
1872,wealthy,4369266.22304667,-762395.85497292,4371006.19304667,-760655.88497292
1465,average,4354567.68052874,-738845.503292844,4356307.65052874,-737105.533292844
1831,wealthy,4368586.49691854,-755114.313163977,4370326.46691854,-753374.343163977
1614,wealthy,4363142.451496,-743619.430107233,4364882.421496,-741879.460107233
1972,wealthy,4371221.4080073,-762607.482398063,4372961.3780073,-760867.512398063
2034,wealthy,4372389.2704559,-760933.395154567,4374129.2404559,-759193.425154567
1956,wealthy,4371114.86880784,-762414.378906069,4372854.83880784,-760674.408906069
1753,wealthy,4367976.82706914,-751326.260827216,4369716.79706914,-749586.290827216
1968,wealthy,4371259.56048346,-757592.509720994,4372999.53048346,-755852.539720994
1728,average,4365819.97529493,-766452.240711987,4367559.94529493,-764712.270711987
1929,average,4370611.44648348,-758453.422912361,4372351.41648348,-756713.452912361
1752,wealthy,4366535.45974682,-756403.909857464,4368275.42974682,-754663.939857464
1965,wealthy,4371237.67486587,-761928.060232717,4372977.64486587,-760188.090232717
1924,wealthy,4370426.14780056,-755300.601459769,4372166.11780056,-753560.631459769
1843,wealthy,4368798.22263074,-758502.082340485,4370538.19263074,-756762.112340485
2012,wealthy,4371856.79597385,-761610.615711323,4373596.76597385,-759870.645711323
1689,wealthy,4365097.02987114,-755977.12766492,4366836.99987114,-754237.15766492
2067,wealthy,4375862.2148635,-758843.86614115,4377602.1848635,-757103.89614115
1557,wealthy,4361313.48321907,-740538.663658258,4363053.45321907,-738798.693658258
1925,poor,4370390.04279146,-762108.819845589,4372130.01279146,-760368.849845589
1839,poor,4368708.30648717,-763932.239540189,4370448.27648717,-762192.269540189
1511,poor,4358891.61473596,-784142.194109338,4360631.58473597,-782402.224109338
1868,poor,4369066.52469773,-770462.748965622,4370806.49469773,-768722.778965622
1762,poor,4366799.06902699,-762603.225684133,4368539.03902699,-760863.255684133
1712,wealthy,4371983.85410071,-742878.866286978,4373723.82410071,-741138.896286978
1859,wealthy,4369354.89841979,-754896.560567398,4371094.86841979,-753156.590567398
1627,average,4363282.85657452,-745361.466475489,4365022.82657452,-743621.496475489
1732,average,4365997.32885989,-767259.672643667,4367737.29885989,-765519.702643667
2082,average,4375857.74167509,-764944.069812876,4377597.71167509,-763204.099812876
1420,poor,4349966.94757079,-778443.757497286,4351706.91757079,-776703.787497286
1476,poor,4354832.27457817,-762241.086745872,4356572.24457817,-760501.116745872
1462,poor,4352878.44461429,-765796.776813596,4354618.41461429,-764056.806813596
1727,poor,4365875.99710245,-751830.030270786,4367615.96710245,-750090.060270787
1692,poor,4365165.4326152,-764158.689620086,4366905.4026152,-762418.719620086
2064,wealthy,4373326.84432529,-761179.842088623,4375066.81432529,-759439.872088623
2021,wealthy,4374677.64911974,-756893.381369035,4376417.61911974,-755153.411369035
2019,wealthy,4371970.80857959,-761880.17680046,4373710.77857959,-760140.20680046
1473,average,4357734.92728935,-724905.01603658,4359474.89728935,-723165.04603658
1631,average,4363504.96218855,-764303.492894173,4365244.93218855,-762563.522894173
1612,average,4363042.71546662,-746575.189770948,4364782.68546662,-744835.219770948
1941,poor,4370877.96139508,-770937.154079982,4372617.93139508,-769197.184079982
1445,poor,4352033.06941485,-775710.872235384,4353773.03941485,-773970.902235384
2053,wealthy,4372814.83523236,-761059.568408863,4374554.80523236,-759319.598408863
1947,wealthy,4370292.4881453,-753877.729828641,4372032.4581453,-752137.759828641
1848,wealthy,4368918.74441874,-762861.900286183,4370658.71441874,-761121.930286183
1805,wealthy,4367855.73159841,-756911.560008754,4369595.70159841,-755171.590008754
1880,wealthy,4369498.181352,-766773.397021914,4371238.151352,-765033.427021914
1642,wealthy,4363813.69347405,-760112.830775416,4365553.66347406,-758372.860775416
2030,wealthy,4372249.63312542,-763446.579014112,4373989.60312542,-761706.609014112
1989,wealthy,4371359.58016155,-755248.580410537,4373099.55016155,-753508.610410537
1699,wealthy,4365328.38715549,-756284.013970165,4367068.35715549,-754544.043970165
2074,average,4374602.58754489,-775323.103575623,4376342.55754489,-773583.133575623
1810,poor,4367982.90891053,-761877.268387745,4369722.87891053,-760137.298387745
1811,poor,4367989.93524474,-775431.065062175,4369729.90524474,-773691.095062175
1751,poor,4366510.41048174,-764708.092031184,4368250.38048174,-762968.122031184
1797,poor,4367539.45056741,-765717.865819841,4369279.42056741,-763977.895819841
1846,poor,4368774.34627692,-772533.183244743,4370514.31627692,-770793.213244743
1838,poor,4368675.77570033,-766715.909963633,4370415.74570034,-764975.939963633
1782,poor,4367386.17539038,-769120.117934861,4369126.14539038,-767380.147934861
1489,average,4356234.49380959,-759310.555741124,4357974.46380959,-757570.585741124
1430,average,4351564.00913587,-758334.501858767,4353303.97913587,-756594.531858767
1955,wealthy,4370937.08566964,-761348.525697439,4372677.05566964,-759608.555697439
2017,wealthy,4371839.00104353,-765729.659234192,4373578.97104353,-763989.689234192
2023,wealthy,4372144.42129697,-761373.209519171,4373884.39129697,-759633.239519171
2044,wealthy,4372472.64672991,-761436.261822776,4374212.61672992,-759696.291822776
1698,wealthy,4365238.24177316,-756631.348999876,4366978.21177316,-754891.378999876
1513,wealthy,4357927.18661889,-759804.498581331,4359667.15661889,-758064.528581331
1402,poor,4346588.30907701,-749466.561655621,4348328.27907701,-747726.591655621
2066,wealthy,4373613.00132867,-760949.582963576,4375352.97132867,-759209.612963576
1553,wealthy,4360324.56596206,-742716.643225061,4362064.53596206,-740976.673225061
1882,wealthy,4369570.2996319,-758438.647483827,4371310.2696319,-756698.677483827
1771,poor,4366978.03877662,-758729.733855646,4368718.00877662,-756989.763855646
1432,average,4351558.141883,-759984.945180619,4353298.111883,-758244.975180619
2105,average,4385922.45956438,-778593.33247981,4387662.42956438,-776853.36247981
2033,wealthy,4372638.72980046,-762054.965578982,4374378.69980046,-760314.995578982
1622,average,4363307.29320253,-759108.349545265,4365047.26320253,-757368.379545265
1629,average,4363217.87750258,-752150.111462722,4364957.84750258,-750410.141462722
2049,poor,4373308.98695244,-765293.721268762,4375048.95695244,-763553.751268762
1479,poor,4354451.23502418,-773470.726440815,4356191.20502418,-771730.756440815
1509,poor,4357756.90192834,-767889.009636216,4359496.87192834,-766149.039636216
1862,wealthy,4369229.08102124,-764428.932514355,4370969.05102124,-762688.962514355
2073,wealthy,4374394.95729287,-762381.669440865,4376134.92729287,-760641.699440865
1635,wealthy,4363577.41101873,-758649.374040369,4365317.38101873,-756909.404040369
1565,wealthy,4361552.81243847,-743032.022674392,4363292.78243847,-741292.052674392
1981,wealthy,4370359.00080181,-751983.178903852,4372098.97080181,-750243.208903852
1617,wealthy,4363115.32397995,-762504.658484624,4364855.29397995,-760764.688484624
1798,wealthy,4367739.93584396,-755768.153750435,4369479.90584396,-754028.183750435
1500,average,4357283.39105958,-759104.652122398,4359023.36105959,-757364.682122398
1480,average,4355016.84282887,-741474.265280205,4356756.81282888,-739734.295280205
2013,average,4372141.83156911,-766772.591073881,4373881.80156911,-765032.621073881
1951,average,4370989.27977652,-764346.083957198,4372729.24977652,-762606.113957198
1716,average,4365606.01746593,-758936.085904124,4367345.98746593,-757196.115904124
1746,poor,4366501.60056394,-766109.711324966,4368241.57056394,-764369.741324966
1818,poor,4368275.91580934,-758626.28173403,4370015.88580934,-756886.31173403
1879,poor,4369503.31640153,-765191.962497089,4371243.28640153,-763451.992497089
1825,poor,4368579.11153919,-768270.856084852,4370319.08153919,-766530.886084852
1530,poor,4358615.0806784,-778362.366359148,4360355.0506784,-776622.396359148
1522,poor,4358900.7633932,-773977.141244821,4360640.7333932,-772237.171244821
1809,poor,4367904.99978154,-759982.389587868,4369644.96978154,-758242.419587868
2104,wealthy,4389803.0679467,-757977.073983194,4391543.0379467,-756237.103983194
2010,wealthy,4371826.4504732,-761074.186695894,4373566.4204732,-759334.216695894
1481,average,4355679.30626671,-755457.779515741,4357419.27626671,-753717.809515741
1619,wealthy,4363340.8731921,-757292.558867251,4365080.84319211,-755552.588867251
1842,wealthy,4368764.06485798,-760353.304706956,4370504.03485798,-758613.334706956
1828,poor,4368669.47263765,-767418.192262338,4370409.44263765,-765678.222262338
1626,poor,4363444.81356674,-765901.51469613,4365184.78356674,-764161.54469613
1867,poor,4369269.96182855,-772864.205670399,4371009.93182855,-771124.235670399
1875,poor,4369381.35999083,-767794.224954986,4371121.32999083,-766054.254954986
1927,poor,4370646.67866542,-768477.673293383,4372386.64866542,-766737.703293383
1644,poor,4363830.86995508,-762985.282320935,4365570.83995508,-761245.312320935
1740,poor,4365925.1108847,-753620.941837477,4367665.0808847,-751880.971837477
1992,poor,4371630.174727,-768188.183895158,4373370.144727,-766448.213895158
1743,poor,4366263.01808397,-760726.28973591,4368002.98808397,-758986.31973591
1575,poor,4361536.79263156,-744827.200253235,4363276.76263156,-743087.230253235
1618,poor,4362857.67779199,-760416.919669591,4364597.64779199,-758676.949669591
1510,poor,4357395.89405179,-769224.576018521,4359135.8640518,-767484.606018521
2040,poor,4372759.49225093,-771706.813163013,4374499.46225093,-769966.843163013
1730,wealthy,4365843.70531486,-757121.043477179,4367583.67531487,-755381.07347718
1983,wealthy,4371479.78181264,-761189.710681809,4373219.75181264,-759449.740681809
1994,wealthy,4371689.88235013,-762830.964936,4373429.85235013,-761090.994936
1962,wealthy,4371105.28660604,-759924.384362593,4372845.25660604,-758184.414362593
1786,wealthy,4367297.23580582,-757177.948435864,4369037.20580582,-755437.978435864
1625,wealthy,4363271.4440377,-755675.312681118,4365011.4140377,-753935.342681118
2072,average,4374532.51498595,-772504.398568021,4376272.48498596,-770764.428568021
1696,average,4365341.94161609,-761824.721053233,4367081.91161609,-760084.751053233
1636,average,4363681.28158674,-753404.272230904,4365421.25158674,-751664.302230904
2086,average,4377484.99195627,-764605.406981954,4379224.96195627,-762865.436981954
1520,average,4358577.56561744,-752850.492839464,4360317.53561744,-751110.522839464
1391,average,4343932.60688888,-753014.158641565,4345672.57688888,-751274.188641566
1577,average,4361071.90345077,-752116.576060785,4362811.87345077,-750376.606060785
1407,poor,4347635.65274025,-770278.288289278,4349375.62274025,-768538.318289278
1928,poor,4370567.26849695,-774702.87923168,4372307.23849695,-772962.90923168
1717,average,4365625.10323061,-760994.666092155,4367365.07323061,-759254.696092155
1765,poor,4366716.83191215,-767513.910778374,4368456.80191215,-765773.940778374
2011,poor,4371855.11192386,-770606.218698469,4373595.08192386,-768866.248698469
1652,poor,4364148.22869094,-759398.319692507,4365888.19869094,-757658.349692507
1873,average,4369373.12147717,-758884.496145136,4371113.09147717,-757144.526145136
1763,poor,4366874.7438974,-768995.867309604,4368614.7138974,-767255.897309604
1856,poor,4369120.53434645,-761619.920078543,4370860.50434645,-759879.950078543
1410,poor,4347453.54886457,-744164.059609497,4349193.51886457,-742424.089609497
1881,poor,4369607.48564207,-774299.810883706,4371347.45564207,-772559.840883706
1518,poor,4358094.56301222,-766318.603879332,4359834.53301222,-764578.633879332
1758,poor,4366688.36389944,-761132.682532616,4368428.33389944,-759392.712532616
1853,poor,4369126.30110606,-766311.441976447,4370866.27110606,-764571.471976447
2018,wealthy,4371933.83337598,-753794.802254039,4373673.80337598,-752054.832254039
1733,poor,4366057.07438955,-758930.1096351,4367797.04438955,-757190.1396351
1648,wealthy,4363995.94720469,-748335.012170622,4365735.91720469,-746595.042170622
1969,wealthy,4371366.9778247,-760637.585637875,4373106.9478247,-758897.615637875
2009,wealthy,4372605.99723767,-758003.954093113,4374345.96723767,-756263.984093113
1974,average,4371231.84997225,-762939.566067543,4372971.81997225,-761199.596067543
1468,average,4354336.44326481,-758891.864659558,4356076.41326481,-757151.894659558
1726,average,4365610.70467445,-755412.898474017,4367350.67467446,-753672.928474017
1469,average,4354546.76157616,-757469.263490743,4356286.73157616,-755729.293490743
1966,average,4371283.26356288,-764937.128351398,4373023.23356288,-763197.158351398
1688,average,4364992.74576704,-759093.934948919,4366732.71576704,-757353.964948919
1507,average,4357431.30534653,-740692.5866978,4359171.27534653,-738952.6166978
1523,average,4358664.0710827,-757586.180203049,4360404.0410827,-755846.210203049
1807,poor,4367953.7812065,-764170.242590256,4369693.7512065,-762430.272590256
1792,poor,4367609.70266456,-758142.573165922,4369349.67266456,-756402.603165922
1705,poor,4365245.80399462,-769514.928816337,4366985.77399463,-767774.958816337
1800,poor,4367929.74307935,-758903.561321819,4369669.71307935,-757163.591321819
1504,poor,4357464.60846453,-760846.071447662,4359204.57846453,-759106.101447662
1472,poor,4353178.06963916,-746767.368935372,4354918.03963916,-745027.398935372
1815,poor,4368222.1747297,-759459.399545636,4369962.1447297,-757719.429545637
2022,wealthy,4371967.12819097,-760415.667426801,4373707.09819097,-758675.697426801
1487,wealthy,4356070.33931177,-757414.186576593,4357810.30931177,-755674.216576593
1654,wealthy,4364432.52842836,-754956.151466728,4366172.49842836,-753216.181466728
1769,wealthy,4367052.83129756,-757600.795790879,4368792.80129756,-755860.825790879
1833,wealthy,4368621.21194996,-755971.262757095,4370361.18194996,-754231.292757095
1783,wealthy,4367302.49146674,-756552.333151364,4369042.46146674,-754812.363151364
1633,wealthy,4363553.50974011,-751218.239517859,4365293.47974011,-749478.269517859
1885,average,4369746.16337168,-763206.356585544,4371486.13337168,-761466.386585544
1490,average,4356516.97868575,-772271.278374102,4358256.94868576,-770531.308374102
1864,average,4369282.51613494,-759419.969475846,4371022.48613494,-757679.999475846
1512,average,4357918.65588174,-761715.641131217,4359658.62588174,-759975.671131217
1427,average,4350322.88126698,-738905.87596325,4352062.85126698,-737165.90596325
1926,average,4370514.95498773,-773664.419432683,4372254.92498773,-771924.449432683
1802,poor,4367862.19739336,-767147.188663799,4369602.16739336,-765407.218663799
1741,poor,4366051.19797429,-771159.293298554,4367791.16797429,-769419.323298554
2032,poor,4372347.49579509,-764715.858617322,4374087.46579509,-762975.888617322
1777,poor,4366997.07178275,-764254.52415821,4368737.04178275,-762514.55415821
1779,poor,4367214.58231186,-767341.711237083,4368954.55231187,-765601.741237083
1495,poor,4356226.38136624,-774261.796610089,4357966.35136624,-772521.826610089
1478,poor,4354996.09627477,-771605.562493249,4356736.06627477,-769865.592493249
1707,poor,4365233.6605932,-760432.626114462,4366973.6305932,-758692.656114462
1621,average,4371270.61319762,-734640.023493934,4373010.58319762,-732900.053493934
1933,poor,4370527.48553193,-772796.365305107,4372267.45553193,-771056.395305107
1496,poor,4357341.6616005,-774088.389015018,4359081.6316005,-772348.419015018
1502,poor,4357585.75973695,-748262.888770394,4359325.72973695,-746522.918770394
1948,poor,4371188.68091646,-774121.527168589,4372928.65091646,-772381.557168589
1987,wealthy,4371557.70902811,-761882.852023238,4373297.67902811,-760142.882023238
1808,wealthy,4368319.460263,-754296.727508262,4370059.430263,-752556.757508262
1976,wealthy,4371456.42959318,-761578.223066571,4373196.39959318,-759838.253066571
2052,wealthy,4372742.43207997,-761603.848416042,4374482.40207997,-759863.878416042
1822,wealthy,4368376.88114154,-756474.736099255,4370116.85114154,-754734.766099255
1720,wealthy,4368550.17111198,-747724.839494957,4370290.14111198,-745984.869494957
1950,wealthy,4371006.79256318,-762076.271148721,4372746.76256318,-760336.301148721
1550,average,4360073.11939182,-744775.869709153,4361813.08939182,-743035.899709153
1744,average,4366262.46776396,-767969.443104155,4368002.43776396,-766229.473104155
1548,average,4360398.14295888,-767817.474284051,4362138.11295888,-766077.504284051
2090,average,4378243.73016994,-766664.660715027,4379983.70016994,-764924.690715027
1491,average,4356327.27201685,-761255.961802424,4358067.24201686,-759515.991802424
1536,average,4359314.71657878,-763108.248439105,4361054.68657878,-761368.278439105
1457,average,4352572.99396179,-770221.179329795,4354312.96396179,-768481.209329795
1493,average,4356749.62047116,-759985.939047252,4358489.59047116,-758245.969047252
1645,average,4363674.86710966,-760892.223631019,4365414.83710967,-759152.253631019
1685,average,4364998.14021747,-772843.382347707,4366738.11021747,-771103.412347707
1943,average,4370885.03926724,-772135.521892886,4372625.00926724,-770395.551892886
1637,average,4363588.15277322,-761830.962396729,4365328.12277322,-760090.992396729
1643,poor,4363760.0654846,-763576.76899191,4365500.0354846,-761836.79899191
1526,poor,4358770.54244779,-760393.996340718,4360510.51244779,-758654.026340718
1718,poor,4366932.73864143,-778398.115427151,4368672.70864143,-776658.145427151
1757,poor,4366341.99233025,-773961.426426905,4368081.96233025,-772221.456426905
1724,poor,4365779.04658341,-765252.411416184,4367519.01658341,-763512.441416184
1694,wealthy,4364937.72083733,-766035.129179956,4366677.69083733,-764295.159179956
1949,wealthy,4370850.17905297,-761627.646294366,4372590.14905297,-759887.676294366
1531,wealthy,4359023.94750531,-741216.232790241,4360763.91750531,-739476.262790241
2071,average,4374793.25569121,-770229.354040331,4376533.22569121,-768489.384040331
1596,average,4362295.63969131,-759546.808041851,4364035.60969131,-757806.838041851
1731,wealthy,4365864.77415558,-757579.241766387,4367604.74415558,-755839.271766387
1549,average,4360129.82359062,-766267.591971372,4361869.79359062,-764527.621971372
1593,average,4361940.88346378,-776814.312326482,4363680.85346378,-775074.342326482
1566,average,4361261.21497599,-772754.677047755,4363001.18497599,-771014.707047755
1583,average,4361862.40610429,-763764.169327707,4363602.37610429,-762024.199327707
1646,poor,4363863.1280968,-765349.454460339,4365603.0980968,-763609.484460339
1796,poor,4367560.35435641,-758866.68338372,4369300.32435641,-757126.71338372
1555,poor,4360887.04421559,-779896.538472236,4362627.01421559,-778156.568472236
1787,poor,4367270.4547809,-759745.41253665,4369010.4247809,-758005.44253665
1770,poor,4367017.57109608,-765088.219973119,4368757.54109608,-763348.249973119
1508,poor,4357310.79548735,-762988.135668806,4359050.76548735,-761248.165668806
1750,poor,4366484.08599301,-758935.632707373,4368224.05599301,-757195.662707373
1494,poor,4356351.59208275,-767297.854727602,4358091.56208275,-765557.884727602
1719,wealthy,4365813.30802131,-756443.235569478,4367553.27802132,-754703.265569478
1653,poor,4364505.69834322,-783173.235176532,4366245.66834322,-781433.265176532
1537,average,4359456.19673844,-747288.280039347,4361196.16673844,-745548.310039347
1884,average,4369639.12291488,-757660.11391641,4371379.09291488,-755920.14391641
1554,average,4360201.50044601,-749963.995713845,4361941.47044601,-748224.025713845
1505,average,4357086.1894102,-764677.749753127,4358826.1594102,-762937.779753127
1521,average,4358486.47422101,-758864.080264104,4360226.44422101,-757124.110264104
1660,average,4364254.69523961,-764297.297472823,4365994.66523961,-762557.327472823
1964,average,4371167.75099044,-766668.501890482,4372907.72099044,-764928.531890483
1734,average,4366052.57048325,-759452.645987175,4367792.54048325,-757712.675987175
2079,average,4375875.20893771,-761342.046889397,4377615.17893771,-759602.076889397
1863,average,4369211.51855468,-763375.758290175,4370951.48855468,-761635.788290175
1611,average,4363087.98085874,-758073.055892184,4364827.95085874,-756333.085892184
1532,average,4359131.55942144,-745522.825250204,4360871.52942144,-743782.855250204
1776,average,4367124.12013286,-768142.332594545,4368864.09013286,-766402.362594545
1930,average,4370609.00831746,-756189.49532099,4372348.97831746,-754449.52532099
1506,average,4357493.65435929,-757976.021013057,4359233.62435929,-756236.051013057
1847,poor,4368820.21671778,-759151.299683035,4370560.18671778,-757411.329683035
1865,poor,4369249.68303697,-771423.316800068,4370989.65303697,-769683.346800069
1793,poor,4367554.07960776,-762781.327536813,4369294.04960776,-761041.357536813
1519,poor,4358407.37871619,-768832.154977477,4360147.34871619,-767092.184977477
1742,poor,4366228.14438442,-763097.905818248,4367968.11438442,-761357.935818248
1749,poor,4366504.82526945,-760118.991195721,4368244.79526945,-758379.021195721
1766,poor,4366818.11792861,-763431.715877313,4368558.08792862,-761691.745877313
1806,poor,4367877.37817575,-768080.839236825,4369617.34817575,-766340.869236825
1790,poor,4367372.83381382,-763639.012563844,4369112.80381383,-761899.042563844
1961,poor,4371263.08933922,-772752.314111617,4373003.05933922,-771012.344111617
1978,wealthy,4371446.40085723,-759539.936243494,4373186.37085723,-757799.966243494
1820,average,4368372.20970536,-762513.356032223,4370112.17970536,-760773.386032223
1533,average,4359134.31700357,-769976.657099583,4360874.28700357,-768236.687099583
1894,average,4369798.21630296,-767345.489227536,4371538.18630296,-765605.519227536
1574,average,4361777.41126291,-770133.040849342,4363517.38126291,-768393.070849342
1560,average,4360767.28219002,-745740.080957223,4362507.25219002,-744000.110957223
1562,average,4360720.06760081,-763498.051021668,4362460.03760081,-761758.081021668
1572,average,4361523.00973002,-759274.205577038,4363262.97973002,-757534.235577038
1563,average,4361144.52369758,-761560.151093161,4362884.49369758,-759820.181093161
1568,average,4361334.07522293,-757626.386878243,4363074.04522293,-755886.416878243
1823,average,4368334.55222256,-757846.559357995,4370074.52222256,-756106.589357995
1394,poor,4346527.12216626,-757420.03968762,4348267.09216626,-755680.06968762
1832,poor,4368734.4608104,-774797.951281618,4370474.4308104,-773057.981281618
1794,poor,4367470.26953783,-760378.74905879,4369210.23953783,-758638.77905879
2084,average,4377358.06339167,-760938.254498141,4379098.03339167,-759198.284498141
1755,average,4366605.90699115,-757540.34198129,4368345.87699115,-755800.37198129
1745,average,4366382.77948556,-757937.41504182,4368122.74948556,-756197.44504182
1609,average,4362873.96346395,-763262.750302015,4364613.93346395,-761522.780302015
1891,poor,4369811.12109564,-762087.687266431,4371551.09109564,-760347.717266431
1836,poor,4368395.83706356,-771633.089532775,4370135.80706356,-769893.119532775
1824,poor,4368400.09733393,-766089.584127992,4370140.06733393,-764349.614127992
1876,poor,4369480.27478621,-768529.296946866,4371220.24478622,-766789.326946866
1760,poor,4366497.53981492,-769247.597034593,4368237.50981492,-767507.627034593
1722,poor,4365613.99053464,-759784.058734081,4367353.96053465,-758044.088734081
1687,poor,4364834.45871398,-770376.472198405,4366574.42871398,-768636.502198405
1952,poor,4370905.51272653,-767566.905363916,4372645.48272653,-765826.935363916
1613,wealthy,4362969.86342196,-759524.774215103,4364709.83342196,-757784.804215103
1561,wealthy,4360734.32312625,-758772.041258802,4362474.29312625,-757032.071258802
1934,wealthy,4370836.5792516,-765592.830740112,4372576.5492516,-763852.860740112
1638,wealthy,4363631.55155655,-759572.194152619,4365371.52155655,-757832.224152619
1571,wealthy,4361481.67879744,-758313.224017624,4363221.64879744,-756573.254017624
1721,poor,4365732.21070406,-763461.357748141,4367472.18070406,-761721.387748141
1529,poor,4358792.2585964,-767877.078184732,4360532.2285964,-766137.108184732
1737,poor,4366236.77106872,-755491.855833637,4367976.74106872,-753751.885833637
1767,poor,4366956.46592016,-771815.213764388,4368696.43592016,-770075.243764388
1700,poor,4365259.4660989,-768132.646010032,4366999.4360989,-766392.676010032
1851,poor,4368986.69043716,-757585.088875211,4370726.66043716,-755845.118875211
1540,poor,4359322.06870173,-768816.04117182,4361062.03870173,-767076.071171821
1503,poor,4357141.81564875,-770959.681970304,4358881.78564875,-769219.711970304
1774,poor,4366941.89150448,-758222.075612321,4368681.86150448,-756482.105612321
1600,poor,4362581.51092282,-761759.284720852,4364321.48092283,-760019.314720852
1387,poor,4344557.43643029,-758822.019944973,4346297.4064303,-757082.049944973
2096,average,4381285.50463269,-765034.857836191,4383025.47463269,-763294.887836191
1735,average,4366013.83781389,-768699.322304868,4367753.80781389,-766959.352304868
1460,average,4354021.93962366,-755603.083104411,4355761.90962366,-753863.113104411
1552,average,4360399.04931888,-770120.988931735,4362139.01931888,-768381.018931735
1821,average,4368396.10462507,-760085.347274534,4370136.07462507,-758345.377274534
1723,wealthy,4367153.81565553,-749942.611559734,4368893.78565553,-748202.641559734
1878,wealthy,4369602.20083672,-760536.209171864,4371342.17083672,-758796.239171864
2037,wealthy,4372336.03840655,-760019.578480849,4374076.00840655,-758279.608480849
1729,wealthy,4365969.67410478,-758327.543774677,4367709.64410478,-756587.573774677
1874,wealthy,4369486.14826963,-757122.01955837,4371226.11826963,-755382.04955837
2093,wealthy,4382890.8960192,-757273.461124192,4384630.8660192,-755533.491124192
2080,average,4375195.64330606,-763773.319293228,4376935.61330606,-762033.349293228
1640,average,4363760.24041198,-757680.098390966,4365500.21041198,-755940.128390966
1477,average,4354359.9392477,-751647.25902672,4356099.9092477,-749907.28902672
1517,average,4358177.3056679,-756481.107802353,4359917.2756679,-754741.137802353
1804,poor,4367686.40222415,-772823.916257881,4369426.37222415,-771083.946257881
1754,poor,4366623.54548428,-759553.663137047,4368363.51548428,-757813.693137047
1524,poor,4358455.13942294,-771432.108479616,4360195.10942294,-769692.138479616
1780,poor,4367211.77815219,-761996.386056461,4368951.74815219,-760256.416056462
1830,poor,4368561.80283406,-761562.75383565,4370301.77283406,-759822.78383565
1799,poor,4367819.78121642,-761129.651174568,4369559.75121642,-759389.681174568
1986,poor,4371560.4772328,-763854.638061012,4373300.44723281,-762114.668061012
1819,poor,4368290.45608268,-769199.581634871,4370030.42608268,-767459.611634871
1739,poor,4366107.49571599,-764218.665267912,4367847.46571599,-762478.695267912
1516,poor,4358143.75983666,-754840.247864303,4359883.72983666,-753100.277864303
1893,wealthy,4369837.81213935,-762661.864763882,4371577.78213935,-760921.894763883
2087,wealthy,4378763.39936119,-773153.54052145,4380503.36936119,-771413.57052145
1953,wealthy,4371015.24764239,-762255.115068392,4372755.21764239,-760515.145068392
1492,poor,4355996.80448649,-777509.539148888,4357736.77448649,-775769.569148888
1935,poor,4370543.94496653,-773162.84142236,4372283.91496653,-771422.87142236
1582,poor,4361918.12422528,-767411.669714727,4363658.09422528,-765671.699714727
1892,poor,4369824.51336342,-773428.869560294,4371564.48336342,-771688.899560294
1850,poor,4369027.00419847,-765862.332479205,4370766.97419847,-764122.362479205
1486,poor,4355295.77990088,-768673.173756817,4357035.74990088,-766933.203756817
1484,poor,4355320.96185699,-759873.823335462,4357060.93185699,-758133.853335462
1501,poor,4357379.71557259,-750404.466371201,4359119.68557259,-748664.496371201
2036,poor,4372685.82120513,-770671.056944433,4374425.79120513,-768931.086944433
1426,poor,4351231.52821996,-753280.826518448,4352971.49821996,-751540.856518448
1979,poor,4371549.16264921,-775432.985476818,4373289.13264921,-773693.015476818
2065,poor,4373331.24859482,-775018.094356291,4375071.21859482,-773278.124356291
1840,poor,4368766.18741499,-765407.766879432,4370506.15741499,-763667.796879432
1937,wealthy,4370601.41099908,-761845.989258625,4372341.38099908,-760106.019258625
1960,wealthy,4371006.48646837,-758012.735288663,4372746.45646837,-756272.765288663
1938,average,4370802.06872219,-759030.553229756,4372542.03872219,-757290.583229756
1579,wealthy,4361322.18356624,-748065.308098782,4363062.15356624,-746325.338098782
1447,average,4352730.25654691,-740837.799508877,4354470.22654691,-739097.829508877
1585,wealthy,4361997.49604619,-765599.189666226,4363737.46604619,-763859.219666226
1570,wealthy,4361251.19915832,-766724.141860863,4362991.16915832,-764984.171860863
1438,average,4351755.81775082,-757130.954829474,4353495.78775082,-755390.984829474
1936,poor,4370931.68494807,-773151.045332884,4372671.65494807,-771411.075332884
1923,wealthy,4370564.32300171,-766841.95928339,4372304.29300171,-765101.98928339
1940,poor,4370741.0418876,-770123.570403077,4372481.0118876,-768383.600403077
1852,poor,4368960.18551554,-773684.943665289,4370700.15551554,-771944.973665289
2015,poor,4371707.80095948,-778573.831911952,4373447.77095948,-776833.861911952
1474,poor,4354886.31826506,-770172.962028968,4356626.28826506,-768432.992028968
1413,poor,4349595.22435153,-781077.841168759,4351335.19435153,-779337.871168759
1448,poor,4352832.17061849,-758719.497623691,4354572.14061849,-756979.527623691
1446,poor,4352417.88281291,-756314.210738462,4354157.85281291,-754574.240738462
1455,poor,4353429.88835336,-760371.910343705,4355169.85835336,-758631.940343705
1454,poor,4352124.61394228,-736488.082893865,4353864.58394228,-734748.112893865
1534,poor,4358868.24982237,-742561.694548884,4360608.21982237,-740821.724548884
1601,poor,4362777.69510105,-770816.176691444,4364517.66510105,-769076.206691444
1813,poor,4368182.97128205,-760657.450812391,4369922.94128205,-758917.480812391
1541,wealthy,4359470.97484553,-758782.428146567,4361210.94484553,-757042.458146567
1977,wealthy,4371391.57941533,-762126.321325376,4373131.54941533,-760386.351325376
1514,wealthy,4357481.11409289,-745939.086435798,4359221.08409289,-744199.116435798
1542,average,4359638.00070415,-761340.222285983,4361377.97070415,-759600.252285983
1539,average,4359514.05712545,-771449.911580051,4361254.02712545,-769709.941580051
2077,average,4375390.28845403,-767204.243563134,4377130.25845403,-765464.273563134
1788,poor,4367435.01658896,-770289.537584124,4369174.98658896,-768549.567584124
1403,average,4348535.34946895,-754807.909565435,4350275.31946895,-753067.939565435
1412,average,4349530.49570503,-759265.269307919,4351270.46570503,-757525.299307919
1400,poor,4346236.82771642,-761955.022750545,4347976.79771642,-760215.052750545
1408,poor,4349378.1868914,-756875.168551402,4351118.1568914,-755135.198551402
1866,wealthy,4369249.84096814,-756326.933439777,4370989.81096814,-754586.963439777
1861,poor,4369195.32015693,-769396.132208373,4370935.29015693,-767656.162208373
1857,poor,4369059.5510873,-767363.933502008,4370799.5210873,-765623.963502008
1650,wealthy,4364008.180951,-749483.29856988,4365748.150951,-747743.32856988
1855,wealthy,4369094.51093567,-758051.258638513,4370834.48093567,-756311.288638513
1931,poor,4370562.32954147,-763470.939607004,4372302.29954147,-761730.969607004
1756,poor,4366939.3061618,-776190.754025267,4368679.2761618,-774450.784025267
1597,average,4362498.39690884,-764710.004494697,4364238.36690884,-762970.034494697
1592,average,4361957.39061141,-746049.110936652,4363697.36061142,-744309.140936652
1599,average,4362527.79554153,-758114.784798226,4364267.76554153,-756374.814798226
1616,wealthy,4362797.14483106,-749093.674267127,4364537.11483106,-747353.704267127
1883,wealthy,4369739.8280247,-760020.251977629,4371479.7980247,-758280.281977629
1444,average,4352658.92427197,-754728.928047721,4354398.89427197,-752988.958047721
1649,average,4363957.12951026,-758529.705909529,4365697.09951026,-756789.735909529
1594,average,4361606.02285426,-753797.386423162,4363345.99285426,-752057.416423162
1713,poor,4365191.00381922,-753316.072876108,4366930.97381922,-751576.102876108
1957,poor,4371127.90328138,-767414.188535687,4372867.87328138,-765674.218535687
1988,poor,4371582.88077546,-767202.543579456,4373322.85077546,-765462.573579456
1693,poor,4364868.80061653,-752565.188643401,4366608.77061653,-750825.218643401
1591,poor,4362227.84801285,-744362.98085189,4363967.81801285,-742623.01085189
1837,poor,4368723.97802467,-759699.991708143,4370463.94802467,-757960.021708143
2081,poor,4377492.4085818,-776899.52608491,4379232.37858181,-775159.55608491
1384,poor,4342887.08614543,-761820.880570201,4344627.05614543,-760080.910570201
1436,poor,4352157.12343676,-762275.649447704,4353897.09343676,-760535.679447704
2041,wealthy,4372482.62421636,-760561.189170314,4374222.59421637,-758821.219170314
1939,average,4370738.75465515,-756777.814806612,4372478.72465515,-755037.844806612
1538,average,4358999.48371671,-743965.658756227,4360739.45371671,-742225.688756227
1603,average,4362666.1971982,-766298.821943296,4364406.1671982,-764558.851943296
1497,average,4356215.01832242,-743736.252677151,4357954.98832242,-741996.282677151
1547,poor,4359930.35495233,-769288.985118563,4361670.32495234,-767549.015118563
1827,poor,4368368.05348691,-767287.050914494,4370108.02348691,-765547.080914494
1606,poor,4362870.93839411,-758718.311635161,4364610.90839411,-756978.341635161
1695,wealthy,4365241.79858827,-748813.984638118,4366981.76858827,-747074.014638118
1709,wealthy,4365357.89577228,-756954.140794601,4367097.86577228,-755214.170794601
1676,wealthy,4364645.74437651,-750205.962476188,4366385.71437651,-748465.992476188
1680,wealthy,4364815.76526977,-757986.415456763,4366555.73526977,-756246.445456763
1610,wealthy,4362895.73601925,-747755.159893728,4364635.70601925,-746015.189893728
1608,wealthy,4362861.43565892,-764063.497063751,4364601.40565892,-762323.527063751
1589,wealthy,4361492.23142015,-755180.346414433,4363232.20142016,-753440.376414433
1602,wealthy,4362763.72335649,-754897.49333909,4364503.69335649,-753157.52333909
1659,poor,4364141.27073167,-771083.860712577,4365881.24073168,-769343.890712577
1785,poor,4367266.10661804,-761344.091998326,4369006.07661804,-759604.121998326
1456,poor,4353320.83961558,-757497.435829192,4355060.80961558,-755757.465829192
1672,average,4364527.23760077,-761877.516164965,4366267.20760078,-760137.546164965
1669,average,4364476.42212657,-763396.051506266,4366216.39212657,-761656.081506266
1666,average,4364507.32621607,-761228.804837137,4366247.29621607,-759488.834837137
1671,average,4364595.56675049,-760039.001517919,4366335.53675049,-758299.031517919
1556,average,4360683.50497429,-743949.376527239,4362423.47497429,-742209.406527239
1569,average,4361158.89115855,-764950.622008879,4362898.86115856,-763210.652008879
1567,average,4361430.53806244,-769008.962200728,4363170.50806244,-767268.992200728
1587,average,4361784.55284433,-774485.816320361,4363524.52284433,-772745.846320361
1656,wealthy,4364514.05023998,-745578.206316741,4366254.02023998,-743838.236316741
1681,wealthy,4364858.94272794,-757355.487963563,4366598.91272794,-755615.517963563
1663,wealthy,4364340.17580841,-747277.058271334,4366080.14580841,-745537.088271334
1662,wealthy,4364378.18712899,-758862.260921665,4366118.15712899,-757122.290921665
1658,wealthy,4364260.10127851,-758229.657461157,4366000.07127851,-756489.687461157
1675,poor,4364706.39352711,-764988.315791368,4366446.36352711,-763248.345791368
1657,wealthy,4364229.6288884,-762467.226070637,4365969.5988884,-760727.256070637
1682,wealthy,4364871.69005431,-758410.618711662,4366611.66005431,-756670.648711662
1573,wealthy,4361050.71044542,-756082.39792726,4362790.68044542,-754342.42792726
1584,wealthy,4361997.62690732,-757335.786028695,4363737.59690732,-755595.816028695
1661,wealthy,4364097.71736236,-756524.851244068,4365837.68736236,-754784.881244068
1678,wealthy,4364487.98876987,-751916.955554252,4366227.95876987,-750176.985554252
1665,poor,4364009.62856147,-768506.963008534,4365749.59856147,-766766.993008534
1677,poor,4365949.55424715,-779773.087946122,4367689.52424715,-778033.117946122
1668,poor,4364364.57672375,-775640.31699125,4366104.54672375,-773900.34699125
1704,wealthy,4365473.46261449,-751380.240180294,4367213.43261449,-749640.270180294
1725,average,4365910.28237824,-752608.031979105,4367650.25237824,-750868.061979105
1772,average,4367028.70250352,-760730.135646373,4368768.67250352,-758990.165646373
1982,poor,4371437.80638746,-770181.26848733,4373177.77638746,-768441.29848733
2038,wealthy,4378606.43795351,-753834.179084976,4380346.40795352,-752094.209084976
1826,wealthy,4368535.88080863,-757141.990829081,4370275.85080863,-755402.020829081
1858,wealthy,4369039.49109025,-760626.400431791,4370779.46109025,-758886.430431791
1488,wealthy,4356116.99963766,-758545.674954557,4357856.96963766,-756805.704954557
1559,wealthy,4360564.18162539,-757170.272504474,4362304.15162539,-755430.302504474
1564,poor,4361240.46159288,-760239.323614131,4362980.43159288,-758499.353614131
1784,wealthy,4367951.77344146,-753462.042369217,4369691.74344146,-751722.072369217
1588,poor,4361877.92897872,-762638.759332361,4363617.89897872,-760898.789332361
1498,wealthy,4363931.95552794,-728946.125291723,4365671.92552794,-727206.155291723
2031,wealthy,4372290.109044,-761715.744742417,4374030.079044,-759975.774742417
2117,wealthy,4402765.28913694,-757354.98720563,4404505.25913694,-755615.01720563
1632,wealthy,4363667.80566663,-754506.924810638,4365407.77566663,-752766.954810638
1586,poor,4362066.95788404,-758542.166575998,4363806.92788404,-756802.196575998
1558,poor,4360604.69623231,-771786.793908122,4362344.66623231,-770046.823908122
1691,wealthy,4365111.46473042,-763085.117246757,4366851.43473042,-761345.147246757
1781,poor,4367139.15681173,-766659.558974071,4368879.12681173,-764919.588974071
1971,wealthy,4371303.59138457,-758148.661984047,4373043.56138457,-756408.691984047
1942,wealthy,4370825.73996465,-762372.320925887,4372565.70996465,-760632.350925887
1910,poor,4370104.15067867,-772026.757044721,4371844.12067867,-770286.787044721
1916,poor,4370377.80912291,-767503.017077757,4372117.77912291,-765763.047077757
1899,poor,4369906.63517518,-772647.519622534,4371646.60517518,-770907.549622534
1911,poor,4370299.28800116,-771428.299498004,4372039.25800116,-769688.329498004
1912,wealthy,4370253.99091725,-764856.46387965,4371993.96091725,-763116.49387965
1906,wealthy,4369984.26252234,-756638.446865055,4371724.23252234,-754898.476865055
1905,wealthy,4370021.52379933,-757125.918685356,4371761.49379933,-755385.948685356
1897,average,4369779.28494826,-759407.718936423,4371519.25494826,-757667.748936423
1900,wealthy,4369993.37731719,-758823.702017287,4371733.34731719,-757083.732017287
1918,wealthy,4370483.20798185,-757421.030133881,4372223.17798185,-755681.060133881
1898,wealthy,4369865.97965027,-760858.322593283,4371605.94965027,-759118.352593283
1920,wealthy,4370587.68097635,-766268.777834876,4372327.65097635,-764528.807834876
1914,wealthy,4370221.61933766,-765815.953468856,4371961.58933766,-764075.983468856
1904,wealthy,4370034.32278972,-756246.41086234,4371774.29278973,-754506.440862341
1896,average,4369903.49417604,-758081.764392818,4371643.46417604,-756341.794392818
1917,average,4370282.74069345,-762932.973594362,4372022.71069346,-761193.003594362
1901,average,4369962.44298867,-770834.232524781,4371702.41298867,-769094.262524782
1907,average,4370033.94492177,-766829.946678867,4371773.91492177,-765089.976678867
1921,average,4370483.52274877,-757932.923947992,4372223.49274877,-756192.953947992
1915,poor,4370382.534199,-759970.78234318,4372122.504199,-758230.81234318
1913,poor,4370224.19773708,-769589.390104361,4371964.16773708,-767849.420104361
1903,poor,4370018.72403,-768148.896954923,4371758.69403,-766408.926954923
1620,average,4362914.97924651,-750395.275337234,4364654.94924651,-748655.305337234
1747,wealthy,4366446.60034849,-757024.637550237,4368186.57034849,-755284.667550237
1706,wealthy,4365303.1871601,-757944.080423598,4367043.1571601,-756204.110423598
1545,average,4359613.07832891,-765015.169401717,4361353.04832891,-763275.199401717
1544,average,4359727.79126316,-757424.932372807,4361467.76126316,-755684.962372807
1546,average,4359917.51995237,-759757.936391377,4361657.48995237,-758017.966391377
1580,average,4362169.30308996,-768439.863606642,4363909.27308996,-766699.893606642
1543,poor,4359580.18126312,-767571.186146038,4361320.15126312,-765831.216146038
1623,poor,4363307.50939663,-772736.573019416,4365047.47939663,-770996.603019416
1551,poor,4360446.78486713,-768746.049834008,4362186.75486713,-767006.079834008
1773,poor,4367061.37513192,-759215.400553157,4368801.34513192,-757475.430553157
1764,wealthy,4366483.24235322,-754560.531220245,4368223.21235322,-752820.561220245
1655,wealthy,4367268.49106271,-742954.454819235,4369008.46106271,-741214.484819236
1748,poor,4366333.75613114,-761607.699742042,4368073.72613114,-759867.729742042
1814,poor,4368034.43720236,-773897.082474966,4369774.40720236,-772157.112474966
1817,wealthy,4368366.19061827,-763301.416400345,4370106.16061827,-761561.446400345
1888,average,4369723.21440669,-766007.333052841,4371463.18440669,-764267.363052842
1890,poor,4369811.19674556,-761571.410428136,4371551.16674556,-759831.440428136
1887,poor,4369461.82865588,-776522.143826344,4371201.79865588,-774782.173826344
1889,wealthy,4369881.42919126,-755989.526147999,4371621.39919126,-754249.556147999
1895,wealthy,4369903.39959056,-763923.896612751,4371643.36959056,-762183.926612751
1485,average,4356080.05871838,-747665.580569163,4357820.02871838,-745925.610569163
2007,poor,4372210.77043095,-772592.097487169,4373950.74043095,-770852.127487169
1996,poor,4371548.92200315,-771680.270985445,4373288.89200315,-769940.300985445
2001,poor,4372146.79412041,-773623.748116426,4373886.76412041,-771883.778116426
2005,wealthy,4371797.65346886,-762479.036985884,4373537.62346887,-760739.066985884
1997,wealthy,4371610.43572644,-762212.876875281,4373350.40572644,-760472.906875281
1998,wealthy,4371672.65552343,-754656.60707804,4373412.62552343,-752916.63707804
2003,wealthy,4371928.15091802,-758777.412080849,4373668.12091802,-757037.442080849
2006,poor,4371841.32157725,-764298.325631597,4373581.29157725,-762558.355631597
1985,average,4371528.9128188,-763346.445978205,4373268.8828188,-761606.475978205
1984,wealthy,4371485.41707682,-756018.91723013,4373225.38707682,-754278.94723013
